<?xml version="1.0" encoding="UTF-8" ?>
<!DOCTYPE mapper PUBLIC "-//mybatis.org//DTD Mapper 3.0//EN" "http://mybatis.org/dtd/mybatis-3-mapper.dtd" >
<mapper namespace="com.jiudian.manage.mapper.OrderMapper" >
  <resultMap id="BaseResultMap" type="com.jiudian.manage.model.Order" >
    <id column="orderid" property="orderid" jdbcType="INTEGER" />
    <result column="householdname" property="householdname" jdbcType="VARCHAR" />
    <result column="ID" property="id" jdbcType="VARCHAR" />
    <result column="starttime" property="starttime" jdbcType="DATE" />
    <result column="endtime" property="endtime" jdbcType="DATE" />
    <result column="money" property="money" jdbcType="DOUBLE" />
    <result column="state" property="state" jdbcType="INTEGER" />
    <result column="roomid" property="roomid" jdbcType="INTEGER" />
    <result column="userid" property="userid" jdbcType="INTEGER" />
  </resultMap>
  <sql id="Base_Column_List" >
    orderid, householdname, ID, starttime, endtime, money, state, roomid, userid
  </sql>
  <select id="getAllUser" resultMap="BaseResultMap" >
    select
    <include refid="Base_Column_List" />
    from orderlist
  </select>


  <select id="selectByPrimaryKey" resultMap="BaseResultMap" parameterType="java.lang.Integer" >
    select 
    <include refid="Base_Column_List" />
    from orderlist
    where orderid = #{orderid,jdbcType=INTEGER}
  </select>
  <delete id="deleteByPrimaryKey" parameterType="java.lang.Integer" >
    delete from orderlist
    where orderid = #{orderid,jdbcType=INTEGER}
  </delete>
  <insert id="insert" parameterType="com.jiudian.manage.model.Order" >
    insert into orderlist (orderid, householdname, ID,
      starttime, endtime, money, 
      state, roomid, userid
      )
    values (#{orderid,jdbcType=INTEGER}, #{householdname,jdbcType=VARCHAR}, #{id,jdbcType=VARCHAR},
      #{starttime,jdbcType=DATE}, #{endtime,jdbcType=DATE}, #{money,jdbcType=DOUBLE},
      #{state,jdbcType=INTEGER}, #{roomid,jdbcType=INTEGER}, #{userid,jdbcType=INTEGER}
      )
  </insert>
  <insert id="insertSelective" parameterType="com.jiudian.manage.model.Order" >
    insert into orderlist
    <trim prefix="(" suffix=")" suffixOverrides="," >
      <if test="orderid != null" >
        orderid,
      </if>
      <if test="householdname != null" >
        householdname,
      </if>
      <if test="id != null" >
        ID,
      </if>
      <if test="starttime != null" >
        starttime,
      </if>
      <if test="endtime != null" >
        endtime,
      </if>
      <if test="money != null" >
        money,
      </if>
      <if test="state != null" >
        state,
      </if>
      <if test="roomid != null" >
        roomid,
      </if>
      <if test="userid != null" >
        userid,
      </if>
    </trim>
    <trim prefix="values (" suffix=")" suffixOverrides="," >
      <if test="orderid != null" >
        #{orderid,jdbcType=INTEGER},
      </if>
      <if test="householdname != null" >
        #{householdname,jdbcType=VARCHAR},
      </if>
      <if test="id != null" >
        #{id,jdbcType=VARCHAR},
      </if>
      <if test="starttime != null" >
        #{starttime,jdbcType=DATE},
      </if>
      <if test="endtime != null" >
        #{endtime,jdbcType=DATE},
      </if>
      <if test="money != null" >
        #{money,jdbcType=DOUBLE},
      </if>
      <if test="state != null" >
        #{state,jdbcType=INTEGER},
      </if>
      <if test="roomid != null" >
        #{roomid,jdbcType=INTEGER},
      </if>
      <if test="userid != null" >
        #{userid,jdbcType=INTEGER},
      </if>
    </trim>
  </insert>
  <update id="updateByPrimaryKeySelective" parameterType="com.jiudian.manage.model.Order" >
    update orderlist
    <set >
      <if test="householdname != null" >
        householdname = #{householdname,jdbcType=VARCHAR},
      </if>
      <if test="id != null" >
        ID = #{id,jdbcType=VARCHAR},
      </if>
      <if test="starttime != null" >
        starttime = #{starttime,jdbcType=DATE},
      </if>
      <if test="endtime != null" >
        endtime = #{endtime,jdbcType=DATE},
      </if>
      <if test="money != null" >
        money = #{money,jdbcType=DOUBLE},
      </if>
      <if test="state != null" >
        state = #{state,jdbcType=INTEGER},
      </if>
      <if test="roomid != null" >
        roomid = #{roomid,jdbcType=INTEGER},
      </if>
      <if test="userid != null" >
        userid = #{userid,jdbcType=INTEGER},
      </if>
    </set>
    where orderid = #{orderid,jdbcType=INTEGER}
  </update>
  <update id="updateByPrimaryKey" parameterType="com.jiudian.manage.model.Order" >
    update orderlist
    set householdname = #{householdname,jdbcType=VARCHAR},
      ID = #{id,jdbcType=VARCHAR},
      starttime = #{starttime,jdbcType=DATE},
      endtime = #{endtime,jdbcType=DATE},
      money = #{money,jdbcType=DOUBLE},
      state = #{state,jdbcType=INTEGER},
      roomid = #{roomid,jdbcType=INTEGER},
      userid = #{userid,jdbcType=INTEGER}
    where orderid = #{orderid,jdbcType=INTEGER}
  </update>
</mapper>