<?xml version="1.0" encoding="UTF-8"?>
<!DOCTYPE mapper PUBLIC "-//mybatis.org//DTD Mapper 3.0//EN" "http://mybatis.org/dtd/mybatis-3-mapper.dtd">
<mapper namespace="com.jiudian.manage.mapper.RoomMapper">
  <resultMap id="BaseResultMap" type="com.jiudian.manage.model.Room">
    <id column="roomid" jdbcType="INTEGER" property="roomid" />
    <result column="local" jdbcType="VARCHAR" property="local" />
    <result column="money" jdbcType="DOUBLE" property="money" />
    <result column="state" jdbcType="INTEGER" property="state" />
    <result column="type" jdbcType="INTEGER" property="type" />
  </resultMap>
  <sql id="Base_Column_List">
    roomid, local, money, state, type
  </sql>

  <select id="selectRoomByStateType" parameterType="com.jiudian.manage.model.Room" resultMap="BaseResultMap">
    select
    <include refid="Base_Column_List" />
    from room
    <where>
      <trim  suffixOverrides="and">
      <if test="state !=null">
        state = #{state,jdbcType=INTEGER}
      </if>
      <if test="type !=null">
        and type =#{type,jdbcType=INTEGER}
      </if>
      </trim>
    </where>
  </select>


  <select id="selectByPrimaryKey" parameterType="java.lang.Integer" resultMap="BaseResultMap">
    select 
    <include refid="Base_Column_List" />
    from room
    where roomid = #{roomid,jdbcType=INTEGER}
  </select>
  <delete id="deleteByPrimaryKey" parameterType="java.lang.Integer">
    delete from room
    where roomid = #{roomid,jdbcType=INTEGER}
  </delete>
  <insert id="insert" parameterType="com.jiudian.manage.model.Room">
    insert into room (roomid, local, money, 
      state, type)
    values (#{roomid,jdbcType=INTEGER}, #{local,jdbcType=VARCHAR}, #{money,jdbcType=DOUBLE}, 
      #{state,jdbcType=INTEGER}, #{type,jdbcType=INTEGER})
  </insert>
  <insert id="insertSelective" parameterType="com.jiudian.manage.model.Room">
    insert into room
    <trim prefix="(" suffix=")" suffixOverrides=",">
      <if test="roomid != null">
        roomid,
      </if>
      <if test="local != null">
        local,
      </if>
      <if test="money != null">
        money,
      </if>
      <if test="state != null">
        state,
      </if>
      <if test="type != null">
        type,
      </if>
    </trim>
    <trim prefix="values (" suffix=")" suffixOverrides=",">
      <if test="roomid != null">
        #{roomid,jdbcType=INTEGER},
      </if>
      <if test="local != null">
        #{local,jdbcType=VARCHAR},
      </if>
      <if test="money != null">
        #{money,jdbcType=DOUBLE},
      </if>
      <if test="state != null">
        #{state,jdbcType=INTEGER},
      </if>
      <if test="type != null">
        #{type,jdbcType=INTEGER},
      </if>
    </trim>
  </insert>
  <update id="updateByPrimaryKeySelective" parameterType="com.jiudian.manage.model.Room">
    update room
    <set>
      <if test="local != null">
        local = #{local,jdbcType=VARCHAR},
      </if>
      <if test="money != null">
        money = #{money,jdbcType=DOUBLE},
      </if>
      <if test="state != null">
        state = #{state,jdbcType=INTEGER},
      </if>
      <if test="type != null">
        type = #{type,jdbcType=INTEGER},
      </if>
    </set>
    where roomid = #{roomid,jdbcType=INTEGER}
  </update>
  <update id="updateByPrimaryKey" parameterType="com.jiudian.manage.model.Room">
    update room
    set local = #{local,jdbcType=VARCHAR},
      money = #{money,jdbcType=DOUBLE},
      state = #{state,jdbcType=INTEGER},
      type = #{type,jdbcType=INTEGER}
    where roomid = #{roomid,jdbcType=INTEGER}
  </update>

</mapper>